Dosagem (x),Proporção de pacientes (%) Y,Valores_estimados,Diferença
50,10,16.1,6.100000000000001
75,15,19.0,4.0
100,20,21.900000000000002,1.9000000000000021
125,25,24.8,-0.1999999999999993
150,35,27.700000000000003,-7.299999999999997
200,40,33.5,-6.5
250,45,39.3,-5.700000000000003
300,45,45.10000000000001,0.10000000000000853
350,50,50.900000000000006,0.9000000000000057
400,50,56.7,6.700000000000003
